CustomerID,FirstName,LastName,Email,PhoneNumber,Address,City,State,Country,ZipCode
CUST_000001,Paige,Marsh,jillmyers@example.net,+1-997-371-6644x78465,"007 Tiffany Throughway Suite 016, North Charlesborough, Maine 26731",Lake Heatherville,Connecticut,United States Minor Outlying Islands,54204
CUST_000002,Keith,Lopez,iwheeler@example.com,+1-456-793-9478x04611,"981 Gross Harbors Apt. 295, Port Michael, Alaska 38076",Josephbury,Maine,North Macedonia,15890
CUST_000003,Cassandra,Rodriguez,leslie53@example.org,582.816.8062,"012 April Ferry, Moorefurt, Georgia 23814",Lake Kevinstad,Michigan,Nicaragua,39423
CUST_000004,Dustin,Manning,maria67@example.com,304.840.2284x197,"3643 Jamie Underpass, North Alexville, Kansas 21678",Tammybury,Oklahoma,Lesotho,88497
CUST_000005,Jack,Phillips,ann52@example.com,(324)912-1286x278,"95716 Smith Tunnel Apt. 796, Jenniferfort, Arizona 46943",East Anthonyborough,West Virginia,Hungary,19752
CUST_000006,Jose,Payne,cvelez@example.net,+1-579-776-0199x3787,"0059 Walker Union Apt. 185, Port Charleston, New York 14517",Ortizport,Louisiana,Rwanda,86859
CUST_000007,Brandon,Davila,dunnjonathan@example.org,+1-252-591-9751x0627,"572 Nancy Squares, Chelseafurt, Mississippi 92379",Port Amandaton,North Dakota,Paraguay,80866
CUST_000008,Joyce,Smith,christopherhill@example.org,(435)768-7195,"9692 Robert Track, Port Eric, West Virginia 74771",Stokesland,Nebraska,Heard Island and McDonald Islands,09272
CUST_000009,Kevin,Sims,cklein@example.org,(501)369-9255x1272,"992 Norton Coves Suite 208, Quinnfort, Mississippi 78662",Wellschester,West Virginia,Paraguay,11972
CUST_000010,Mario,Harris,romerobarbara@example.com,001-215-732-3829,"49016 Freeman Viaduct, North Nicoleport, Missouri 10823",South Joseph,Wisconsin,Italy,20563
CUST_000011,James,Mata,powellkrista@example.org,304-869-4365,"3004 Orr Vista, New Katie, Kentucky 98053",North Megan,Louisiana,Saint Vincent and the Grenadines,31464
CUST_000012,Linda,Bonilla,jason94@example.com,+1-226-845-1522,"2799 Cherry Roads Suite 546, Stephenburgh, Nevada 79609",South Derekside,Colorado,Mali,32739
CUST_000013,Haley,Smith,edward82@example.org,+1-856-332-0722x844,"858 Green Roads, Trevorbury, Rhode Island 74892",Lisafort,West Virginia,Slovakia (Slovak Republic),91094
CUST_000014,Matthew,Jones,william82@example.net,(479)922-2774x20401,"3193 Juan Bridge, Meganchester, Missouri 63977",Brianmouth,South Carolina,China,41179
CUST_000015,Scott,Day,riveralee@example.org,833.638.9329,"1373 Wilkins Flat, North Kimberlyland, Iowa 90419",Ericland,Maryland,Iraq,77819
CUST_000016,Geoffrey,Hernandez,lowealex@example.com,6504979629,"80703 Michael Fork, Peterfort, Virginia 35581",North Rebecca,Michigan,Austria,67166
CUST_000017,Samantha,Vaughn,robertsonrichard@example.com,(879)525-1936,"1525 Harmon Divide Suite 733, Johnfort, Vermont 12554",Petersonberg,Michigan,Romania,81686
CUST_000018,Todd,Moore,kellyhull@example.net,953-886-3932,"053 Jenkins Valley Apt. 295, Murphyview, Vermont 22840",New Michael,New Jersey,Timor-Leste,93856
CUST_000019,Kristina,Ochoa,nwalters@example.com,+1-706-771-9358,"0612 Jennifer Path, Port Deannastad, South Carolina 23661",New Christopher,California,Norway,98584
CUST_000020,Matthew,Hall,allison12@example.net,7295251736,"98952 Adrian Court Apt. 427, Lake Nicholas, Oklahoma 57789",Port Carlfurt,Minnesota,Nicaragua,21610
CUST_000021,Kimberly,Long,ujohnson@example.com,+1-735-650-7466x896,"0537 Shaw Mountains, North Christopherburgh, Alabama 80865",Port Danielle,Massachusetts,Sweden,50136
CUST_000022,Walter,Ramsey,amymoore@example.net,530-412-4941x802,"194 Robin Islands, North Brittanyland, Indiana 63921",Hartfort,Maryland,Niger,16292
CUST_000023,Angela,Griffin,joshua87@example.net,232.260.9525x277,"036 Higgins Path, Nelsonburgh, Arkansas 61280",Youngburgh,Kansas,Thailand,87215
CUST_000024,Jesse,Pierce,stephanie71@example.com,001-614-350-4585,"506 Baker Island, Farrellburgh, Virginia 06689",Port Rick,Maine,Korea,56273
CUST_000025,Samantha,White,smithdaniel@example.org,(270)910-9309x565,"1828 Mark Hollow Suite 277, Lake Matthewchester, Wisconsin 81954",Port Renee,Louisiana,Barbados,21420
CUST_000026,Marilyn,Curry,tracycarrillo@example.com,+1-753-315-3339,"52544 Anderson Way Suite 681, Port Seanview, New Jersey 56044",Hunterview,Virginia,Gibraltar,33965
CUST_000027,Erika,Perry,jaclynboyd@example.org,803-305-3540,"350 Dawn Lock, Diazborough, Indiana 93521",New Alexa,Ohio,Puerto Rico,39654
CUST_000028,Heather,Johnson,boydjennifer@example.com,(503)219-0822,"65216 Cynthia Shoals, North Jacob, Maine 24521",West Tammy,Rhode Island,Chad,13232
CUST_000029,Miranda,Johnson,rmitchell@example.com,961.902.3329,"4991 Jeffrey Port, West Heather, North Carolina 65091",Bensonborough,Oklahoma,Congo,65199
CUST_000030,Tina,Wood,bmcdonald@example.org,(466)917-7529x356,"9077 Ruiz Trace, Port Philipchester, California 43838",Andersontown,Missouri,Dominica,80086
CUST_000031,Kristina,Chambers,curtis20@example.com,874-273-9997x68632,"00160 Christina Crest Apt. 967, Kevinmouth, Vermont 04840",Port Aaron,Idaho,Ghana,06728
CUST_000032,Heather,Jordan,joe27@example.com,001-314-330-8259,"580 Pamela Turnpike Apt. 072, Port Jessicahaven, Tennessee 41320",Anthonyfurt,South Dakota,Jordan,10852
CUST_000033,Ricardo,White,david60@example.net,246-333-7732x924,"824 Berry Fall, Jonathanville, Texas 96822",Johnsonport,Alabama,Guinea-Bissau,51766
CUST_000034,Cynthia,Baxter,mmorgan@example.com,001-235-334-3164,"77309 Stephenson Heights Suite 453, East Angelachester, Vermont 57354",South Kellyshire,West Virginia,Syrian Arab Republic,63151
CUST_000035,Rachel,Martinez,robertswhitney@example.net,(429)962-6283,"15043 Mackenzie Isle, Brookemouth, New Mexico 53557",New Gina,Washington,Indonesia,22898
CUST_000036,Heather,Harper,michaelvalenzuela@example.net,240-673-3102x575,"69433 Pugh Pass, Wongtown, South Carolina 26934",Pattonmouth,Arizona,Ukraine,10097
CUST_000037,Tanya,Spencer,dillonpamela@example.com,870-283-0106,"77381 Terri Garden Suite 471, New Davidside, Louisiana 94267",New Sean,Tennessee,Cape Verde,38693
CUST_000038,Dawn,Gibson,herrerapeter@example.com,+1-695-759-2893x381,"56612 Kelsey Village, Lake Michael, Connecticut 70752",Sheliaville,Texas,Taiwan,04428
CUST_000039,Jason,Grant,christianlowery@example.org,(778)510-0747x82028,"604 Edwards Prairie Suite 063, Williamsborough, Virginia 02510",New Michelefort,Florida,Saint Kitts and Nevis,65366
CUST_000040,Rebecca,Roberts,theresajohnson@example.org,001-535-626-1239,"9787 Austin Rue, Chunghaven, South Carolina 31450",Alexanderside,North Dakota,Cuba,59404
CUST_000041,Mark,Potter,sanchezbenjamin@example.net,385-783-8767,"690 Brenda Fork Suite 093, New Rachaelbury, Alaska 04833",West Christine,Maryland,French Polynesia,47687
CUST_000042,Raymond,Riggs,lowerydaniel@example.com,848-441-8796x4909,"472 Doyle Crossroad, Lake Ryanberg, Texas 37866",South Erik,Colorado,Wallis and Futuna,29895
CUST_000043,Christina,Jones,fbradshaw@example.org,360.442.0221,"88665 Dana Parkway, Patriciashire, Kansas 91852",Smithbury,North Carolina,Botswana,47944
CUST_000044,Michael,Kelley,csuarez@example.net,575.351.9479x758,"14541 Karen Way Suite 761, Lake Katherinefurt, Michigan 82284",New John,New Mexico,Saint Lucia,67852
CUST_000045,Lindsey,Castro,ehester@example.net,904-591-9047x477,"484 Patricia Branch Apt. 418, Robertsonstad, Delaware 87316",Romerochester,Nebraska,Montserrat,21873
CUST_000046,Andrea,Lyons,crawfordkimberly@example.net,+1-916-832-6163,"2853 Mendoza Island Apt. 897, North Debratown, California 48889",Sotohaven,Tennessee,Eritrea,67385
CUST_000047,Catherine,Huang,elizabeth63@example.net,(626)229-7002x14836,"371 Sylvia Trail Suite 332, Krausestad, Virginia 39548",East Jennifer,North Dakota,Mauritania,91416
CUST_000048,Christopher,Phelps,samantha40@example.net,001-692-919-6026,"279 Cisneros Highway, East Dawnland, Wyoming 66332",Brooksstad,Minnesota,Turkey,49095
CUST_000049,James,Cooper,peter26@example.net,797-340-2443,"84290 Mark Mill Suite 372, Parkerborough, Tennessee 76430",Carrbury,Alaska,Faroe Islands,36909
CUST_000050,Rachel,Cook,christina10@example.com,(723)820-7320,"819 Patrick Island Suite 717, Lake Sheriport, South Carolina 04617",Port Elizabethtown,Louisiana,Honduras,47863
CUST_000051,James,Shepard,nicholas66@example.net,223.274.8507x24725,"5779 Church Valleys Apt. 157, Johnfurt, Wyoming 03902",Schneiderborough,Mississippi,Iran,68566
CUST_000052,Amanda,Burns,tnguyen@example.net,810-592-6474x9262,"068 Cristian Meadow, Evansberg, Illinois 10879",North Ritachester,Nevada,Turks and Caicos Islands,45313
CUST_000053,Michael,Gutierrez,matthewstewart@example.com,902-307-4947,"7241 Jason Ford, Lake Christineborough, Louisiana 35258",East Cherylfort,Idaho,Gibraltar,66643
CUST_000054,Tracy,Burke,heather28@example.net,446.854.4573,"052 Holland Ports Apt. 608, Lake Randyshire, Vermont 16720",Shellyberg,North Dakota,Thailand,37849
CUST_000055,Bryan,Thomas,esparzasamuel@example.net,732.587.4624x256,"68112 Moore Orchard Suite 372, South Ryan, Kansas 86949",Weaverfurt,Oklahoma,Christmas Island,42154
CUST_000056,Joe,Lopez,meganmoore@example.org,001-326-357-5508,"40882 Frye Plains Apt. 333, West Kaylee, Colorado 81768",Cliffordbury,Michigan,United Kingdom,24203
CUST_000057,John,Griffin,yjones@example.net,001-378-387-2440x47579,"057 Green Drive, West Josephbury, Indiana 08111",Lake Sarah,Mississippi,French Polynesia,66113
CUST_000058,Howard,Ray,wilsonchad@example.org,001-512-355-1226x515,"135 Russell Trafficway Apt. 771, Sherryfort, New Hampshire 96752",Port Catherinebury,Delaware,Korea,97838
CUST_000059,Erin,Smith,sfrank@example.com,001-286-288-1495x2024,"94876 Timothy Springs, Hayesmouth, Washington 43298",Larryhaven,New York,Thailand,14206
CUST_000060,Daniel,Horton,gallagherchristopher@example.org,001-738-272-9346,"37060 Anthony Crossing Apt. 719, Randyborough, Illinois 04642",Wilsonville,Missouri,French Southern Territories,94136
CUST_000061,Amanda,Grimes,johnayala@example.net,978-486-2739x59280,"240 Michelle Prairie Suite 991, Rickeystad, Oklahoma 73253",Mccarthyview,Illinois,Puerto Rico,19652
CUST_000062,Laura,Ortiz,adamsantiago@example.net,890-688-1136x9011,"0119 Guzman Fords Suite 988, South Terrishire, Washington 93726",Hoodmouth,Massachusetts,United Kingdom,85553
CUST_000063,Joseph,Floyd,roweandrea@example.net,001-935-472-5703x703,"0119 John Hills Suite 236, North Johnfort, Oklahoma 60133",New Michael,Pennsylvania,Nigeria,86644
CUST_000064,Joy,Avila,mezachristian@example.net,557.987.8302,"91700 Anderson Mount, Castillofurt, Massachusetts 80389",North Alan,Maryland,Holy See (Vatican City State),39473
CUST_000065,Douglas,Malone,hcarter@example.org,346-481-0006,"738 Jordan Lane, Villafort, South Dakota 63076",East Joseph,Nevada,Albania,22953
CUST_000066,Michael,Hendricks,lbryant@example.org,(294)597-9056,"226 Jonathan Harbors, North Sandra, Missouri 39196",West Suzanneburgh,North Dakota,Guatemala,52705
CUST_000067,Andrew,Sanchez,orozcoteresa@example.net,001-783-360-8967x97229,"1437 Wood Burg Apt. 986, Christophershire, Wyoming 44617",Michaelborough,Idaho,Guernsey,31611
CUST_000068,Joshua,Torres,desireepaul@example.org,2005472444,"6973 Robert Trafficway Apt. 834, Oliverville, Michigan 74241",Munozside,Idaho,Mayotte,88262
CUST_000069,Jason,Johnson,brooke43@example.net,001-964-796-3746x8549,"17507 Vargas Walks Apt. 304, West Sara, Missouri 95146",Ryanton,North Dakota,Bouvet Island (Bouvetoya),64115
CUST_000070,Stephen,Woods,hooperchelsea@example.com,2804453944,"5963 Morgan Branch Apt. 146, Jeremyfurt, Missouri 33422",Janemouth,Utah,Congo,71426
CUST_000071,Jodi,Mullen,jennifer86@example.com,363.456.3895,"8395 Mcintyre Crescent, Lake Scott, South Dakota 26057",East Cynthiaview,Michigan,Argentina,86365
CUST_000072,Mary,Moore,kayleeadkins@example.net,001-580-256-7336x483,"12811 Mario Rapid, Gomezstad, Pennsylvania 28753",New Katherine,Texas,Germany,60582
CUST_000073,Zoe,Conway,jacksonrichard@example.com,935-896-7608x84969,"6072 Miller Port, New Matthewland, Mississippi 33542",Franklintown,North Carolina,Antarctica (the territory South of 60 deg S),40739
CUST_000074,Hayden,Howe,castrobetty@example.org,001-530-755-1493x624,"7619 Gardner Walks Apt. 911, Carlaside, California 48407",Turnerchester,Mississippi,Libyan Arab Jamahiriya,01284
CUST_000075,Rebecca,Miller,bnelson@example.com,245.896.4106x88783,"7560 Dodson Pike, Georgeburgh, Maine 26773",Garciaberg,Mississippi,Guadeloupe,19778
CUST_000076,Jonathan,Morgan,robert08@example.org,001-981-460-8181x6097,"9851 Chavez Points, Thomasberg, New Hampshire 53598",Codyberg,Oregon,Bulgaria,21503
CUST_000077,John,Arnold,alexisstewart@example.com,+1-633-934-1670x46886,"794 Robin Park, Port Samuelchester, Oklahoma 25594",East Adriana,Alaska,Israel,45523
CUST_000078,Melissa,Watson,amanda41@example.net,(307)648-6769,"275 Taylor Pines Suite 874, Deckerborough, Pennsylvania 88879",Erinchester,Louisiana,Christmas Island,63546
CUST_000079,Garrett,Harmon,patricia01@example.org,608-258-7955x03077,"3719 Andrea Way Suite 922, Colemanville, Missouri 70594",North Philiptown,South Dakota,Montenegro,19233
CUST_000080,Michael,Mejia,angelablevins@example.net,(328)751-3591x4072,"819 Jamie Mount, Hodgeville, Florida 61427",Madisonchester,Missouri,Mali,87235
CUST_000081,Jessica,Harris,syoung@example.com,9944256957,"63736 Kayla Ranch, Port Jared, Massachusetts 53230",New Jenniferview,Kentucky,Romania,84067
CUST_000082,Kyle,Love,elizabeth05@example.net,+1-497-470-7956x9207,"6735 Karen Gateway, South Chad, Alabama 17850",Riverachester,Vermont,Singapore,16346
CUST_000083,Heather,Yang,mreyes@example.net,(722)340-9231x80295,"970 Eric Island Apt. 715, West Kristinchester, New York 54165",New Yolandaborough,Nebraska,Tokelau,42079
CUST_000084,David,Figueroa,christopher37@example.net,001-305-355-8864x9659,"35174 Day Field Suite 839, Nielsenland, Arkansas 81940",Perkinschester,Indiana,Tuvalu,44156
CUST_000085,Brenda,Smith,xstrong@example.com,+1-686-998-3440x183,"29523 Mary Haven, Clarkmouth, Nebraska 62048",Brookemouth,Alaska,Slovenia,97782
CUST_000086,Adam,Johnson,mezaelizabeth@example.org,294-578-5601x2135,"15069 Williams Mill Apt. 568, South Samuel, Tennessee 72908",Jonesmouth,California,Serbia,57728
CUST_000087,Brittney,Ramos,daniel73@example.net,001-856-259-4621x74336,"5938 Ronald Squares Suite 270, Grayville, Montana 18394",Richardmouth,California,Serbia,47537
CUST_000088,Daniel,Trujillo,baileyhayley@example.org,+1-969-258-2468,"273 Dawn Parks Apt. 459, Williamville, South Dakota 38341",South Cynthiaview,New Hampshire,Niger,61402
CUST_000089,David,Murphy,kevin64@example.com,339.893.7502,"3499 Michelle Views, Shawbury, Utah 99617",Paynefurt,North Carolina,Lebanon,37240
CUST_000090,Michelle,Duarte,smithjulie@example.org,001-656-671-4859x0427,"26924 Barton Harbor Suite 159, North Austintown, Utah 89009",Scottport,New Hampshire,Cuba,44735
CUST_000091,Kevin,Jenkins,ataylor@example.net,765-630-3343x462,"224 Gross Ridges Apt. 280, Campbellport, Ohio 46437",Davidview,Utah,Tonga,10114
CUST_000092,Jesse,Robinson,brianroach@example.com,001-429-299-5658x551,"027 Angela Mission Suite 603, Millerfort, South Dakota 57541",New Brianchester,Texas,Australia,08160
CUST_000093,Angela,Wilson,duncanbenjamin@example.net,(861)966-5711,"745 Williams Centers Apt. 334, Teresaland, Delaware 67796",East Jeffreymouth,Rhode Island,Mayotte,76751
CUST_000094,Veronica,Jones,reesejacqueline@example.net,001-518-209-1398x4634,"8126 Nichols Garden, West Joshuachester, Wisconsin 46871",Randalltown,Maine,Jordan,12774
CUST_000095,Lisa,Curtis,frances90@example.com,850-674-6544x173,"35603 Morris Prairie, Lake Mark, Massachusetts 05900",West Stacyport,Michigan,Italy,43347
CUST_000096,Benjamin,Baker,wmelendez@example.org,914.666.3253x35014,"038 Tracy Pass, Allenville, Ohio 64367",Timothystad,Nevada,Mali,93244
CUST_000097,Antonio,Martinez,mckaydylan@example.net,967.552.0972x1241,"998 Pamela Wall, North William, Delaware 90188",East Benjaminmouth,Colorado,Croatia,49239
CUST_000098,Jamie,Smith,mendezrobert@example.org,(651)891-7691x332,"1392 Martinez Crossroad, North Johnnymouth, Idaho 48650",Kathryntown,Connecticut,Mongolia,94171
CUST_000099,James,Sparks,eramirez@example.org,+1-609-845-1658x32578,"15240 Lawson Lakes, South Michaelport, Missouri 32041",South Kevinhaven,Idaho,Antarctica (the territory South of 60 deg S),95936
CUST_000100,Michele,Flores,joycelambert@example.org,888-215-3972x32756,"55317 Acosta Squares Apt. 263, Gutierrezchester, Washington 93364",Port Donaldstad,Maryland,Turkey,37550
CUST_000101,Brian,Doyle,gerald84@example.org,(427)761-0131x050,"415 Green Shoal Suite 394, Port Jacquelineside, Maine 99679",Lake Michaelland,Rhode Island,Yemen,22309
CUST_000102,Andrea,Hobbs,kathy66@example.com,(364)422-9832x4184,"81264 Kenneth Glen, Patrickport, South Dakota 45466",Samanthaview,New Hampshire,Italy,18909
CUST_000103,Jennifer,Knight,umarquez@example.net,+1-516-316-9787x5083,"7579 Lamb Crossroad Apt. 404, Baileyhaven, Maine 56837",East Carolside,New Mexico,Macao,18688
CUST_000104,Darius,Costa,jeffreypeters@example.com,871.951.3907,"535 Samantha Union Suite 914, Port Jeromehaven, Oklahoma 99938",Port Amandahaven,Georgia,Gambia,14042
CUST_000105,Mary,Bell,msimmons@example.org,001-381-486-2723,"80140 Logan Underpass Apt. 016, Lake Andrew, Arkansas 07519",North Ryantown,Mississippi,Hungary,73820
CUST_000106,Monica,Miller,rhonda05@example.com,441.714.4005,"901 Robin Bypass Apt. 588, Amandamouth, West Virginia 03788",Port Savannahberg,Colorado,Kyrgyz Republic,77642
CUST_000107,Joshua,Coleman,chandlerbill@example.com,(792)514-9171,"5292 Debra Landing Apt. 397, Robertchester, Oregon 59675",Loganport,South Dakota,Taiwan,10095
CUST_000108,Patricia,Henderson,evansaustin@example.org,+1-695-283-9699x0613,"81897 Tara Fields, East Roberttown, Montana 13104",Patriciamouth,Delaware,Kiribati,39427
CUST_000109,Kimberly,Bates,nharrington@example.net,731.299.2200x967,"95463 Brittany Mission Apt. 386, North Regina, New York 50325",East Jacob,Wyoming,Egypt,96863
CUST_000110,Michael,Brown,jeff06@example.com,388.650.9308x11713,"240 Howe Haven, Jasonmouth, Michigan 66019",Angelafurt,North Dakota,Austria,62397
CUST_000111,Ashley,Rice,gregorydominguez@example.org,356-779-9192x3077,"52094 Tiffany Village Suite 883, New Johnathan, Oregon 79758",East Angelicaton,Texas,Mozambique,60554
CUST_000112,Kellie,Browning,copelandmichael@example.com,916-278-9780x161,"3634 Hamilton Shore Apt. 345, East Marie, New Hampshire 40532",Lake Alyssaborough,Idaho,Madagascar,65501
CUST_000113,Diane,Shelton,wgardner@example.com,725-773-2760x737,"52071 Lindsey Pine Suite 435, Lisaberg, Kansas 70982",New Dylanport,Georgia,Saint Barthelemy,98003
CUST_000114,Alexander,Romero,danielortiz@example.com,645.965.5833,"363 Thomas Vista, Gordontown, Oklahoma 86616",Gabriellefort,Michigan,Moldova,33920
CUST_000115,Karen,Roth,david68@example.org,001-857-952-9012,"53912 Robert Pike, South Melinda, Idaho 17461",Danielfurt,Louisiana,Namibia,64181
CUST_000116,Lydia,Pena,holly58@example.com,491-382-6072x424,"79367 Shelby Station Apt. 483, South Amanda, Nevada 97623",New Garyfort,Minnesota,Guyana,08787
CUST_000117,Samuel,Cooley,donaldbrown@example.org,001-445-957-5130,"602 Hunter Terrace, Williamsmouth, Hawaii 39433",New Vernonstad,Georgia,Lao People's Democratic Republic,46650
CUST_000118,Jonathan,Walton,stephanie40@example.net,+1-409-608-1451x56625,"8833 Wilkinson Stravenue, Sonyabury, Texas 10577",Joshuaton,New Jersey,Aruba,37744
CUST_000119,Lauren,Hayes,tcardenas@example.com,(980)816-8039,"30235 Wells Squares Apt. 903, Marilynmouth, Pennsylvania 01224",New Steven,Maine,Yemen,25954
CUST_000120,Catherine,Singh,johnnylopez@example.net,2026223037,"78208 Darren Island, Louishaven, Minnesota 02297",Catherineshire,Missouri,Tuvalu,42134
CUST_000121,Anthony,Ali,brockregina@example.org,291-319-8333,"24079 Brittany Ports Suite 683, South Mariashire, Iowa 19871",South Brooke,Colorado,Sao Tome and Principe,48055
CUST_000122,John,Gonzalez,marklopez@example.org,638-506-1227,"4263 Sarah Vista Apt. 495, East Sierra, New York 97303",Torresstad,Wisconsin,Eritrea,80220
CUST_000123,Clarence,Ibarra,taylor66@example.com,+1-622-426-7180x240,"72498 Jarvis Forks, South Sheilatown, South Dakota 20953",Kyleland,Massachusetts,Mongolia,22172
CUST_000124,Bradley,Smith,gonzalessheila@example.net,473.806.8752,"9203 Hall Hill Suite 753, South Sarahmouth, Wyoming 98057",Lynchchester,Alabama,Macao,77044
CUST_000125,Travis,Price,kimberly05@example.com,+1-639-756-6152,"8529 Paula Gardens Apt. 864, Brettview, Arkansas 30480",Joshuamouth,New Hampshire,Kazakhstan,43091
CUST_000126,Benjamin,Leblanc,jesse35@example.org,958.401.1549x14661,"624 Heather Crescent Apt. 649, West Staceybury, Connecticut 11475",Jorgeburgh,Tennessee,Portugal,10866
CUST_000127,Richard,Kerr,iwilson@example.net,(528)835-6702,"06066 Anderson Ville, Jeromeport, Ohio 15586",South Craig,Oklahoma,Tajikistan,43167
CUST_000128,Maria,Suarez,igonzalez@example.com,+1-767-984-9414x65988,"0398 Eric Corner Suite 372, Brownshire, New Mexico 67317",Port Christopherfurt,Kentucky,Saint Vincent and the Grenadines,28603
CUST_000129,Trevor,Castillo,hayley37@example.org,+1-503-823-1558,"60889 Howard Square Apt. 868, Riosborough, West Virginia 80781",Robertview,Colorado,Dominican Republic,97505
CUST_000130,Karen,Sloan,psweeney@example.org,909-722-5633x5807,"13771 Patrick Place Apt. 777, South Larry, South Dakota 03650",Scottton,Maine,Portugal,27844
CUST_000131,Katherine,Perez,qmitchell@example.org,(417)583-0046,"2587 Smith Spurs, Patelmouth, Arkansas 99908",New Matthew,Kentucky,Saudi Arabia,96369
CUST_000132,Joseph,Carter,heidihunter@example.net,719-789-7227x826,"33644 Young Manors Suite 957, New Tommystad, Vermont 26484",Aaronfurt,North Dakota,Hungary,97537
CUST_000133,Eric,Ballard,kari37@example.net,001-539-949-1285,"89593 Koch Springs Suite 227, Lake April, Mississippi 42107",North Mary,Massachusetts,Slovakia (Slovak Republic),06923
CUST_000134,Daniel,Burke,jclark@example.com,966.406.9731x5062,"0146 Hernandez Passage Suite 220, Loriberg, Wyoming 77466",Perezmouth,Wyoming,Brazil,97861
CUST_000135,Christian,Carrillo,ljackson@example.net,500.205.7083,"17680 Johnson Trail, Timothyfurt, Alaska 04901",New Laura,Oklahoma,Rwanda,01577
CUST_000136,William,Olson,duranjeffrey@example.org,(460)385-6549,"61938 Hodges Club Suite 716, New Juliaview, Texas 32008",West Michaelchester,Illinois,Isle of Man,21929
CUST_000137,Elizabeth,Roberts,stephen06@example.org,243-317-3619x27911,"1356 Potter Port Apt. 454, Lake Saraport, Delaware 52900",Riveramouth,New Hampshire,Yemen,97962
CUST_000138,Christopher,Riddle,aarnold@example.org,951.944.3912x74617,"5719 John Flats Apt. 636, Mooreville, Mississippi 75415",Marcusberg,Alabama,Norway,16811
CUST_000139,Kathy,Trujillo,ericbrown@example.org,+1-647-591-9651x1431,"471 Angela Lodge, East Jeremy, Georgia 66603",Taylorfurt,New York,Bulgaria,66482
CUST_000140,Joseph,White,fjohnson@example.com,+1-320-466-8378x426,"5298 Hubbard Via Apt. 769, Rogersberg, Missouri 13534",Brownville,Virginia,Russian Federation,38701
CUST_000141,Tracey,Ramirez,jlambert@example.org,726-980-1301x2533,"824 Stewart Manor, North Stephanietown, Idaho 00881",New Calvin,Kansas,Haiti,84432
CUST_000142,Steven,Perez,holmesdaniel@example.org,(932)404-5203x574,"315 Daniels Field, Walkerhaven, Kentucky 30914",South Tylermouth,Oklahoma,Moldova,60886
CUST_000143,Thomas,Mcgrath,bradleycraig@example.org,001-799-332-3143x79882,"22311 Yvette Turnpike Apt. 921, Colemouth, Wyoming 54402",Reyesfurt,Texas,Gibraltar,36979
CUST_000144,Drew,Osborne,gailrose@example.com,(982)748-9401x97498,"21640 Kramer Locks, North Monica, California 85219",Ramirezchester,Pennsylvania,India,42301
CUST_000145,Brett,Johnston,fpruitt@example.org,383-574-9540x5994,"2934 Anthony Extension Suite 042, North Austin, Nevada 14315",Stewartland,Oklahoma,Suriname,23276
CUST_000146,Peter,Taylor,davidrangel@example.com,+1-399-814-4190x88656,"0366 Mitchell Brooks, West Aaron, Texas 85153",Cheryltown,Connecticut,Argentina,89633
CUST_000147,Erica,Kelley,ellisjeffrey@example.org,(714)763-3199x6150,"6145 Kerr Glens, North Timothy, Wisconsin 32109",Sergioport,New Hampshire,Kenya,02374
CUST_000148,Angela,Thompson,ktorres@example.org,483.388.1482x27248,"6251 Michael Forks Suite 371, Brownton, Delaware 52009",East Emilybury,Kentucky,Burkina Faso,86644
CUST_000149,Tina,Garcia,nicole28@example.org,550-787-2774x1440,"09333 John Lane Suite 661, East Kristina, Connecticut 75003",East Todd,New Mexico,El Salvador,31354
CUST_000150,David,King,nathansimpson@example.org,+1-268-358-9994,"3150 Adams Walks Apt. 755, West Charlesburgh, Kansas 92359",Reynoldsport,Vermont,Ukraine,89374
CUST_000151,Christina,Brock,dharding@example.com,(296)280-8332x1183,"962 Jones Stravenue Suite 466, Cobbbury, Wyoming 87711",North Karenmouth,Nebraska,Gibraltar,78268
CUST_000152,Christy,Carter,charles61@example.com,+1-634-530-4564x08524,"360 Caleb Forest, West Ronald, Rhode Island 87261",Myerschester,Florida,Guinea,19036
CUST_000153,Michele,West,srodriguez@example.net,001-774-817-5122x56091,"2219 Morris Cove Suite 507, Port Jeanette, New Mexico 77589",West Veronicaville,Pennsylvania,Slovenia,51779
CUST_000154,Rachael,Garcia,harringtonjason@example.com,+1-615-210-6431x11762,"598 Harris Union Suite 020, Riosfort, Alaska 94006",North Thomaston,Missouri,Venezuela,53967
CUST_000155,Jennifer,Porter,erikeverett@example.com,9445495223,"640 Garcia Grove Suite 850, East Thomasshire, Alaska 91038",Reyesside,Ohio,Honduras,66420
CUST_000156,Brittney,Cochran,timothydavidson@example.net,+1-938-752-1928x48578,"54838 Bailey Heights, West Matthew, North Carolina 29712",Tuckerberg,Georgia,Eritrea,80903
CUST_000157,Christine,Avila,lawrencecarlson@example.com,616.448.2195x3541,"53495 Snyder Road, Chrischester, New Jersey 13398",Olsonton,New Mexico,Slovenia,15743
CUST_000158,Jose,Brown,warddonna@example.com,001-452-447-8927x8012,"6690 Jones Land Apt. 345, South Jasonmouth, Nebraska 16301",South Ryan,Ohio,Liberia,11088
CUST_000159,Brian,Morris,vross@example.org,797-911-5586x70002,"7220 Duran Drive Apt. 046, Foleybury, Oklahoma 43618",Port Selena,Texas,Netherlands Antilles,49698
CUST_000160,Michael,Levy,mmartinez@example.com,5617637115,"77139 Chris Mount Apt. 820, Amytown, Florida 54127",South Kara,Minnesota,United Arab Emirates,56650
CUST_000161,Casey,Bennett,rileybrianna@example.net,(384)825-4863x49108,"6214 Erickson Forks, North Emilyville, New Mexico 14815",Millerport,Florida,United Arab Emirates,77612
CUST_000162,Carol,Wallace,nbeard@example.net,(476)299-8712,"80629 Lisa Parkway Apt. 298, North Leslieshire, Georgia 10060",East Bobby,Washington,French Southern Territories,87343
CUST_000163,Michael,Ramirez,eddie29@example.net,776.331.8286x14576,"8168 Shawn Mountain, Griffithfurt, Rhode Island 32979",Fordport,Georgia,Indonesia,81942
CUST_000164,Andrew,Tran,shawnjordan@example.com,491-441-5243x036,"81388 Sherman Canyon, Villanuevaton, Pennsylvania 89431",Armstrongside,Massachusetts,Korea,21514
CUST_000165,Hunter,Ramirez,saraduncan@example.org,499.823.5327,"5629 Donna Squares Suite 565, Christophertown, Hawaii 69223",North Bryanport,Delaware,Bouvet Island (Bouvetoya),80180
CUST_000166,Patricia,Thomas,francismary@example.net,(977)450-4434x13000,"4445 Charles Stream, Port Kenneth, Maine 45023",South Lynnview,Arizona,Saint Martin,24612
CUST_000167,Patrick,Shepard,davidcarey@example.org,653-741-2562x61631,"0050 Perez Junction Suite 351, Douglasmouth, Indiana 49187",Drewfurt,Wyoming,Belize,52147
CUST_000168,Randall,Galloway,brandon51@example.net,970-785-6782x24855,"791 Julie Road Apt. 978, New Randystad, Ohio 63744",Susanfurt,Alaska,Israel,62578
CUST_000169,Riley,Mcguire,kchambers@example.net,+1-338-548-9915x83639,"5702 Tanya Mountain, Jessicaberg, Vermont 53376",Davisville,Louisiana,Togo,31125
CUST_000170,Bradley,Dorsey,rbutler@example.net,+1-715-644-6746,"71708 Mcbride Ramp, Johnsonfurt, Tennessee 78648",West Samantha,Alabama,Argentina,81927
CUST_000171,Sandra,Chan,kimberly97@example.org,437-266-6919,"54225 Cheyenne Vista Apt. 951, West Marc, Illinois 73242",Woodsfort,Connecticut,Armenia,85975
CUST_000172,Deborah,Chavez,michaellee@example.com,+1-422-395-7590x04423,"119 Bates Square, West Jason, Pennsylvania 08511",Wadefort,New Mexico,Afghanistan,93035
CUST_000173,Renee,Williams,kimberly45@example.org,2375357925,"9598 Alexander Gateway, New Benjaminside, Illinois 76648",Ramirezberg,Wyoming,Mali,95524
CUST_000174,Alicia,Montgomery,shaffernancy@example.com,(826)578-5339,"88630 Brown Station, Jacksonmouth, Delaware 99202",Port Stevenfort,Wisconsin,Uruguay,17951
CUST_000175,Benjamin,Jackson,chasehenderson@example.org,(796)637-8101,"5697 Mckenzie Trail, Youngfurt, Michigan 52962",South Aprilfurt,Florida,Niue,15913
CUST_000176,Katie,Harrell,cartersusan@example.org,+1-210-743-4689x3660,"860 Christina Views, Lake Raymond, Oregon 92518",West Daniel,New Jersey,India,71015
CUST_000177,Ashley,Hudson,shannon42@example.net,+1-957-327-7079x090,"36133 Martinez Landing Suite 151, Deborahchester, Virginia 85383",Dunnbury,Hawaii,Fiji,84214
CUST_000178,Joshua,Harris,molly49@example.net,001-762-650-4435,"2230 Erickson Corner Suite 948, South Paulafort, Wyoming 18815",West Joseph,Alabama,Sweden,11133
CUST_000179,Mark,Jackson,dsantiago@example.com,(358)825-8402,"1420 Cassidy Forges Apt. 053, Lake Matthew, Kansas 22782",South Craigfurt,Alaska,Hong Kong,31830
CUST_000180,Taylor,Taylor,michael19@example.com,001-516-751-5098x95452,"542 Mark Trafficway, East Darryltown, Arizona 95786",West Melissa,New Hampshire,Saint Vincent and the Grenadines,32541
CUST_000181,Stacey,Shields,sabrinagates@example.org,608.871.7578x2756,"5798 Meghan Fall Apt. 532, Kellymouth, Nevada 81857",Gallegosmouth,Oklahoma,French Southern Territories,12897
CUST_000182,Margaret,Flores,gregory94@example.net,529-715-8940x4734,"05160 Gomez Circles, Hebertview, New Hampshire 77097",Justinbury,Ohio,Cape Verde,85686
CUST_000183,Caleb,Walsh,patelheidi@example.net,649.816.3722x6708,"75913 Garrett Islands Apt. 818, Hubbardmouth, North Carolina 69932",Morrisonshire,Colorado,Bouvet Island (Bouvetoya),90013
CUST_000184,Jessica,Burton,omckenzie@example.net,001-216-375-0270x656,"90672 Williams Port, Lake Thomas, Utah 15011",South John,New Jersey,Mongolia,40959
CUST_000185,Haley,Burns,ecantu@example.com,562-288-9222,"9914 Christopher Road, South Robertoview, Wisconsin 98451",Weaverfort,Michigan,Botswana,53763
CUST_000186,Emily,Wilcox,espinozakaren@example.net,+1-304-317-4296x5900,"25574 Holloway Islands, North Davidside, Iowa 37670",East John,Kentucky,Greenland,60723
CUST_000187,Alexa,Flores,emily32@example.org,001-829-895-8239x074,"33586 Timothy Common Apt. 247, Gutierrezstad, New York 92115",Vernonmouth,Maine,Norway,07338
CUST_000188,Richard,King,oschmidt@example.com,001-459-489-1758x33055,"30089 William Mount, New Mathewville, North Carolina 13688",North Christopher,Florida,Morocco,23370
CUST_000189,Melissa,Martin,amberbanks@example.com,687.733.6913x089,"719 Hopkins Ranch Suite 937, New Jennifer, New Mexico 74465",Hendricksstad,Wisconsin,United States Virgin Islands,21914
CUST_000190,Leonard,Wright,bsullivan@example.com,+1-451-734-3806x466,"552 Morales Fords Suite 209, Henryside, South Dakota 04833",Patelmouth,Utah,Senegal,06978
CUST_000191,Gordon,Hanson,jenniferdominguez@example.org,912.595.0604,"5227 Kelley Unions Suite 716, Karenland, Kentucky 13141",Port Shaneberg,Vermont,Papua New Guinea,91953
CUST_000192,Jason,Schmitt,ashley02@example.org,886.621.5924x54722,"303 Morgan Viaduct, West Matthew, Georgia 27282",Port Joseph,Michigan,Svalbard & Jan Mayen Islands,37399
CUST_000193,David,Dean,uduncan@example.net,427.372.7260x696,"865 Caitlin Island Apt. 674, Angieville, Oregon 57838",Kimberlystad,Maine,Georgia,25367
CUST_000194,Daniel,Hurley,shawn85@example.com,362-242-7456x9847,"25627 Swanson Court, Poolemouth, Wyoming 48450",Brianview,Rhode Island,Korea,57804
CUST_000195,Grace,Davis,mary53@example.org,886.933.0869,"8149 Contreras Drive, South Madelinefort, Oregon 14204",Scottberg,Indiana,Central African Republic,59678
CUST_000196,Courtney,Murray,jenniferjohnson@example.org,(293)908-8869x745,"30447 Maria Rapids, Davischester, Washington 99641",Martinezchester,Utah,Belize,31083
CUST_000197,Erica,Bradley,pgutierrez@example.net,808.774.4335,"783 Stephen Corners Suite 165, South Cameron, Oregon 52624",Kevinville,Ohio,Indonesia,52290
CUST_000198,Sheena,Fry,ystephenson@example.org,312-584-8710x7675,"551 Snyder Turnpike Suite 823, Lake Destinyfurt, Texas 19118",West Johnton,Georgia,Brazil,45102
CUST_000199,Lisa,Foster,eanderson@example.com,+1-729-509-9394,"802 Susan Trail, New Julie, Indiana 15967",Nicholsonhaven,Illinois,Tuvalu,45567
CUST_000200,Glenn,Robinson,kathleen58@example.com,001-292-650-7059,"426 Santana Place, Robinsonborough, Oklahoma 64146",East Joshuaside,Colorado,Mozambique,28194
